Feature,Flutter App,Admin Panel,Priority,Decision,Notes
Mobile Login,✓,,HIGH,,
OTP Verification,✓,,HIGH,,
User Stats Dashboard,✓,,HIGH,,
Test Categories,✓,,HIGH,,
Take Test,✓,,HIGH,,
Test Results,✓,,HIGH,,
Progress Tracking,✓,,HIGH,,
User Profile,✓,,HIGH,,
Bottom Navigation,✓,,HIGH,,
Create Users,,✓,HIGH,,
Manage Exam Categories,,✓,HIGH,,
Manage Test Categories,,✓,HIGH,,
Question Sessions,,✓,HIGH,,
Privacy/Terms Editor,,✓,HIGH,,
Questions Library,,⨯,CRITICAL,,"MISSING - Most Important!"
View Test Results,,⨯,CRITICAL,,"MISSING - Need to see scores"
User Analytics,,⨯,HIGH,,"MISSING - Track performance"
Send Notifications,,⨯,HIGH,,"MISSING - Engage users"
Manage Feedback,,⨯,MEDIUM,,"MISSING - User comments"
Test Builder,,⨯,MEDIUM,,"MISSING - Create custom tests"


